{
  "type": "minecraft:crafting_shapeless",
  "ingredients": [
    {
      "tag": "forge:gems/quartz"
    },
    {
      "tag": "forge:gems/quartz"
    },
    {
      "tag": "forge:gems/quartz"
    },
    {
      "item": "minecraft:amethyst_shard"
    },
    {
      "item": "minecraft:amethyst_shard"
    },
    {
      "item": "minecraft:amethyst_shard"
    },
    {
      "item": "minecraft:amethyst_shard"
    }
  ],
  "result": {
    "item": "create:rose_quartz",
    "count": 3
  }
}