{
    "type": "minecraft:entity",
    "pools": [
        {
            "bonus_rolls": 0,
            "entries": [
                {
                    "type": "minecraft:item",
                    "functions": [
                        {
                            "add": false,
                            "count": {
                                "type": "minecraft:uniform",
                                "max": 2,
                                "min": 0
                            },
                            "function": "minecraft:set_count"
                        },
                        {
                            "count": {
                                "type": "minecraft:uniform",
                                "max": 1,
                                "min": 0
                            },
                            "function": "minecraft:looting_enchant"
                        }
                    ],
                    "name": "minecraft:arrow"
                }
            ],
            "rolls": 1
        },
        {
            "bonus_rolls": 0,
            "entries": [
                {
                    "type": "minecraft:item",
                    "functions": [
                        {
                            "add": false,
                            "count": {
                                "type": "minecraft:uniform",
                                "max": 2,
                                "min": 0
                            },
                            "function": "minecraft:set_count"
                        },
                        {
                            "count": {
                                "type": "minecraft:uniform",
                                "max": 1,
                                "min": 0
                            },
                            "function": "minecraft:looting_enchant"
                        }
                    ],
                    "name": "minecraft:bone"
                }
            ],
            "rolls": 1
        },
        {
            "bonus_rolls": 0,
            "conditions": [
                {
                    "condition": "minecraft:killed_by_player"
                }
            ],
            "entries": [
                {
                    "type": "minecraft:item",
                    "functions": [
                        {
                            "add": false,
                            "count": {
                                "type": "minecraft:uniform",
                                "max": 1,
                                "min": 0
                            },
                            "function": "minecraft:set_count"
                        },
                        {
                            "count": {
                                "type": "minecraft:uniform",
                                "max": 1,
                                "min": 0
                            },
                            "function": "minecraft:looting_enchant",
                            "limit": 1
                        },
                        {
                            "function": "minecraft:set_potion",
                            "id": "minecraft:slowness"
                        }
                    ],
                    "name": "minecraft:tipped_arrow"
                }
            ],
            "rolls": 1
        },
        {
            "bonus_rolls": 0,
            "conditions": [
                {
                    "chance": 0.11,
                    "condition": "minecraft:random_chance_with_looting",
                    "looting_multiplier": 0.2
                }
            ],
            "entries": [
                {
                    "type": "minecraft:item",
                    "name": "create:zinc_ingot",
                    "functions": [
                        {
                            "function": "set_count",
                            "count": {
                                "type": "minecraft:uniform",
                                "min": 1,
                                "max": 3
                            }
                        }
                    ]
                }
            ],
            "rolls": 1
        }
    ],
    "random_sequence": "minecraft:entities/stray"
}