{
    "type": "create:mechanical_crafting",
    "acceptMirrored": false,
    "key": {
        "A": {
            "item": "create:sturdy_sheet"
        },
        "C": {
            "item": "create:railway_casing"
        },
        "S": {
            "item": "minecraft:diamond"
        },
        "H": {
            "item": "create_sa:steam_engine"
        },
        "R": {
            "item": "chunkloaders:advanced_chunk_loader"
        }
    },
    "pattern": [
        " ACA ",
        "AHSHA",
        "CSRSC",
        "AHSHA",
        " ACA "
    ],
    "result": {
        "count": 4,
        "item": "chunkloaders:ultimate_chunk_loader"
    }
  }