{
    "type": "minecraft:entity",
    "pools": [
        {
            "bonus_rolls": 0,
            "entries": [
                {
                    "type": "minecraft:item",
                    "functions": [
                        {
                            "add": false,
                            "count": {
                                "type": "minecraft:uniform",
                                "max": 2,
                                "min": 0
                            },
                            "function": "minecraft:set_count"
                        },
                        {
                            "count": {
                                "type": "minecraft:uniform",
                                "max": 1,
                                "min": 0
                            },
                            "function": "minecraft:looting_enchant"
                        }
                    ],
                    "name": "minecraft:rotten_flesh"
                }
            ],
            "rolls": 1
        },
        {
            "bonus_rolls": 0,
            "conditions": [
                {
                    "chance": 0.11,
                    "condition": "minecraft:random_chance_with_looting",
                    "looting_multiplier": 0.2
                }
            ],
            "entries": [
                {
                    "type": "minecraft:item",
                    "name": "minecraft:copper_ingot"
                }
            ],
            "rolls": 1
        }
    ],
    "random_sequence": "minecraft:entities/drowned"
}